q_id,question,group
1,Today I learned…,low
2,What’s nice about living in Madison?,low
3,Summarize a book plot,low
4,Explain a movie plot,low
5,What classes are you taking this semester?,low
6,Share a fun fact,low
7,What advice would you give to any incoming freshmen starting college at UW? ,low
8,What did you have for breakfast?,low
9,What was the weather like today? ,low
10,What items might you find on a grocery list?,low
11,How do you get from Memorial Union to Union South?,low
12,What is the best coffee shop on campus? ,low
13,Explain how to make cookies,low
14,Explain how to do laundry,low
15,What things might you see at a park?,low
16,How are you doing today?,low
17,Do you like dogs or cats better?,low